Workbook

Sheet Dashboard
A1: Agile Management Dashboard — 10 Weeks
B3: Total Tasks | D3: Completed | F3: In Progress | H3: Blocked
B4: =COUNTA('Agile Plan'!$B$4:$B$44) -> 41 | D4: =COUNTIF('Agile Plan'!$F$4:$F$44,"Done") -> 6 | F4: =COUNTIF('Agile Plan'!$F$4:$F$44,"In Progress") -> 0 | H4: =COUNTIF('Agile Plan'!$F$4:$F$44,"Blocked") -> 0
B7: Overall Completion | C7: =IF(COUNTA('Agile Plan'!$B$4:$B$44)=0,0,COUNTIF('Agile Plan'!$F$4:$F$44,"Done")/COUNTA('Agile Plan'!$B$4:$B$44)) -> 0.14634146 | E7: Open Risks | F7: =COUNTIF('Risks & Issues'!$I$4:$I$23,"Open") -> 20 | H7: High Risks | I7: =COUNTIF('Risks & Issues'!$E$4:$E$23,"High") -> 0
A9: Member | B9: Assigned Tasks | C9: Completed Tasks | D9: Completion %
A10: Annemarie | B10: =COUNTIF('Agile Plan'!$D$4:$D$44,A10) -> 11 | C10: =COUNTIFS('Agile Plan'!$D$4:$D$44,A10,'Agile Plan'!$F$4:$F$44,"Done") -> 3 | D10: =IF(B10=0,0,C10/B10) -> 0.27272727
A11: Cobrin | B11: =COUNTIF('Agile Plan'!$D$4:$D$44,A11) -> 10 | C11: =COUNTIFS('Agile Plan'!$D$4:$D$44,A11,'Agile Plan'!$F$4:$F$44,"Done") -> 1 | D11: =IF(B11=0,0,C11/B11) -> 0.1
A12: Nick | B12: =COUNTIF('Agile Plan'!$D$4:$D$44,A12) -> 10 | C12: =COUNTIFS('Agile Plan'!$D$4:$D$44,A12,'Agile Plan'!$F$4:$F$44,"Done") -> 1 | D12: =IF(B12=0,0,C12/B12) -> 0.1
A13: Brandon | B13: =COUNTIF('Agile Plan'!$D$4:$D$44,A13) -> 10 | C13: =COUNTIFS('Agile Plan'!$D$4:$D$44,A13,'Agile Plan'!$F$4:$F$44,"Done") -> 1 | D13: =IF(B13=0,0,C13/B13) -> 0.1
A16: Week | B16: Planned Pts | C16: Completed Pts | D16: Completion % | E16: Sprint Status
A17: 1 | B17: ='Sprint Tracker'!G4 -> 0 | C17: ='Sprint Tracker'!H4 -> 0 | D17: ='Sprint Tracker'!I4 -> 0 | E17: ='Sprint Tracker'!J4 -> Not Started
A18: 2 | B18: ='Sprint Tracker'!G5 -> 0 | C18: ='Sprint Tracker'!H5 -> 0 | D18: ='Sprint Tracker'!I5 -> 0 | E18: ='Sprint Tracker'!J5 -> Not Started
A19: 3 | B19: ='Sprint Tracker'!G6 -> 0 | C19: ='Sprint Tracker'!H6 -> 0 | D19: ='Sprint Tracker'!I6 -> 0 | E19: ='Sprint Tracker'!J6 -> Not Started
A20: 4 | B20: ='Sprint Tracker'!G7 -> 0 | C20: ='Sprint Tracker'!H7 -> 0 | D20: ='Sprint Tracker'!I7 -> 0 | E20: ='Sprint Tracker'!J7 -> Not Started
A21: 5 | B21: ='Sprint Tracker'!G8 -> 0 | C21: ='Sprint Tracker'!H8 -> 0 | D21: ='Sprint Tracker'!I8 -> 0 | E21: ='Sprint Tracker'!J8 -> Not Started
A22: 6 | B22: ='Sprint Tracker'!G9 -> 0 | C22: ='Sprint Tracker'!H9 -> 0 | D22: ='Sprint Tracker'!I9 -> 0 | E22: ='Sprint Tracker'!J9 -> Not Started
A23: 7 | B23: ='Sprint Tracker'!G10 -> 0 | C23: ='Sprint Tracker'!H10 -> 0 | D23: ='Sprint Tracker'!I10 -> 0 | E23: ='Sprint Tracker'!J10 -> Not Started
A24: 8 | B24: ='Sprint Tracker'!G11 -> 0 | C24: ='Sprint Tracker'!H11 -> 0 | D24: ='Sprint Tracker'!I11 -> 0 | E24: ='Sprint Tracker'!J11 -> Not Started
A25: 9 | B25: ='Sprint Tracker'!G12 -> 0 | C25: ='Sprint Tracker'!H12 -> 0 | D25: ='Sprint Tracker'!I12 -> 0 | E25: ='Sprint Tracker'!J12 -> Not Started
A26: 10 | B26: ='Sprint Tracker'!G13 -> 0 | C26: ='Sprint Tracker'!H13 -> 0 | D26: ='Sprint Tracker'!I13 -> 0 | E26: ='Sprint Tracker'!J13 -> Not Started
A29: Status | B29: Count
A30: Not Started | B30: =COUNTIF('Agile Plan'!$F$4:$F$44,A30) -> 35
A31: In Progress | B31: =COUNTIF('Agile Plan'!$F$4:$F$44,A31) -> 0
A32: Blocked | B32: =COUNTIF('Agile Plan'!$F$4:$F$44,A32) -> 0
A33: Done | B33: =COUNTIF('Agile Plan'!$F$4:$F$44,A33) -> 6

Sheet Agile Plan
A1: 10-Week Agile Management Plan
A3: Week | B3: Task / Story | C3: Type | D3: Owner | E3: Priority | F3: Status | G3: Start Date | H3: Due Date | I3: Estimate (Pts) | J3: Actual (Pts) | K3: % Complete | L3: Notes
A4: 1 | B4: Create the agile plan | C4: Task | D4: Annemarie | E4: High | F4: Done | G4: 46283 | H4: 46290 | I4: 4 | K4: =IF(F4="Done",100,IF(F4="In Progress",50,IF(F4="Blocked",25,0))) -> 100
A5: 1 | B5: Make the flow chart for the back-end | C5: Task | D5: Annemarie | E5: High | F5: Done | G5: 46283 | H5: 46290 | I5: 5 | K5: =IF(F5="Done",100,IF(F5="In Progress",50,IF(F5="Blocked",25,0))) -> 100
A6: 1 | B6: Functional and non- Functional requirements, requirement priority, slides | C6: Task | D6: Cobrin | E6: High | F6: Done | K6: =IF(F6="Done",100,IF(F6="In Progress",50,IF(F6="Blocked",25,0))) -> 100
A7: 1 | B7: Risk analysis, ethical issues, and frontend slides | C7: Task | D7: Nick | E7: High | F7: Done | K7: =IF(F7="Done",100,IF(F7="In Progress",50,IF(F7="Blocked",25,0))) -> 100
A8: 1 | B8: Requirement slides | C8: Task | D8: Brandon | E8: High | F8: Done | K8: =IF(F8="Done",100,IF(F8="In Progress",50,IF(F8="Blocked",25,0))) -> 100
A9: 2 | B9: Start to make the frame of the website | C9: Task | D9: Annemarie | E9: Medium | F9: Done | G9: 46297 | H9: 46298 | I9: 6 | K9: =IF(F9="Done",100,IF(F9="In Progress",50,IF(F9="Blocked",25,0))) -> 100
A10: 2 | B10: Look into the database set up | C10: Task | D10: Cobrin | E10: Medium | F10: Not Started | K10: =IF(F10="Done",100,IF(F10="In Progress",50,IF(F10="Blocked",25,0))) -> 0
A11: 2 | B11: Start drawing out what we want the UI to look like | C11: Task | D11: Nick | E11: Medium | F11: Not Started | K11: =IF(F11="Done",100,IF(F11="In Progress",50,IF(F11="Blocked",25,0))) -> 0
A12: 2 | B12: Help with the background knowledge about weather and database | C12: Task | D12: Brandon | E12: Medium | F12: Not Started | K12: =IF(F12="Done",100,IF(F12="In Progress",50,IF(F12="Blocked",25,0))) -> 0
A13: 3 | B13: Finish up the frame of the website | C13: Task | D13: Annemarie | E13: High | F13: Not Started | K13: =IF(F13="Done",100,IF(F13="In Progress",50,IF(F13="Blocked",25,0))) -> 0
A14: 3 | B14: Finish up putting in the database | C14: Task | D14: Cobrin | E14: Medium | F14: Not Started | K14: =IF(F14="Done",100,IF(F14="In Progress",50,IF(F14="Blocked",25,0))) -> 0
A15: 3 | B15: Finish up with UI design | C15: Task | D15: Nick | E15: Medium | F15: Not Started | K15: =IF(F15="Done",100,IF(F15="In Progress",50,IF(F15="Blocked",25,0))) -> 0
A16: 3 | B16: Finish with dataset | C16: Task | D16: Brandon | E16: Medium | F16: Not Started | K16: =IF(F16="Done",100,IF(F16="In Progress",50,IF(F16="Blocked",25,0))) -> 0
A17: 4 | B17: Wrap up anything that wasn't finished and start back-end | C17: Task | D17: Annemarie | E17: Medium | F17: Not Started | K17: =IF(F17="Done",100,IF(F17="In Progress",50,IF(F17="Blocked",25,0))) -> 0
A18: 4 | B18: Start doing the back-end stuff | C18: Task | D18: Cobrin | E18: Medium | F18: Not Started | K18: =IF(F18="Done",100,IF(F18="In Progress",50,IF(F18="Blocked",25,0))) -> 0
A19: 4 | B19: Start putting the UI design into the program | C19: Task | D19: Nick | E19: Medium | F19: Not Started | K19: =IF(F19="Done",100,IF(F19="In Progress",50,IF(F19="Blocked",25,0))) -> 0
A20: 4 | B20: Start doing back-end stuff | C20: Task | D20: Brandon | E20: Medium | F20: Not Started | K20: =IF(F20="Done",100,IF(F20="In Progress",50,IF(F20="Blocked",25,0))) -> 0
A21: 5 | B21: Help finish up applying the UI | C21: Task | D21: Annemarie | E21: Medium | F21: Not Started | K21: =IF(F21="Done",100,IF(F21="In Progress",50,IF(F21="Blocked",25,0))) -> 0
... A44: 10 | B44: Revire written report | C44: Task | D44: Brandon | E44: Medium | F44: Not Started | K44: =IF(F44="Done",100,IF(F44="In Progress",50,IF(F44="Blocked",25,0))) -> 0

Sheet Sprint Tracker
A1: Sprint Tracker — 10 Weeks
A3: Week | B3: Sprint Goal | C3: Annemarie Pts | D3: Cobrin Pts | E3: Nick Pts | F3: Brandon Pts | G3: Planned Pts | H3: Completed Pts | I3: Completion % | J3: Sprint Status | K3: Sprint Notes
A4: 1 | B4: Get the presentation demo done | C4: =SUMIFS('Agile Plan'!$I$4:$I$44,'Agile Plan'!$A$4:$A$44,$A4,'Agile Plan'!$D$4:$D$44,C$3) -> 0 | D4: =SUMIFS('Agile Plan'!$I$4:$I$44,'Agile Plan'!$A$4:$A$44,$A4,'Agile Plan'!$D$4:$D$44,D$3) -> 0 | E4: =SUMIFS('Agile Plan'!$I$4:$I$44,'Agile Plan'!$A$4:$A$44,$A4,'Agile Plan'!$D$4:$D$44,E$3) -> 0 | F4: =SUMIFS('Agile Plan'!$I$4:$I$44,'Agile Plan'!$A$4:$A$44,$A4,'Agile Plan'!$D$4:$D$44,F$3) -> 0 | G4: =SUM(C4:F4) -> 0 | H4: =SUMIFS('Agile Plan'!$J$4:$J$44,'Agile Plan'!$A$4:$A$44,$A4) -> 0 | I4: =IF(G4=0,0,H4/G4) -> 0 | J4: =IF(I4>=1,"Complete",IF(I4>0,"In Progress","Not Started")) -> Not Started
A5: 2 | B5: Confirm the database we are doing and the information we are comparing. Also start doing the frame of the website | C5: =SUMIFS('Agile Plan'!$I$4:$I$44,'Agile Plan'!$A$4:$A$44,$A5,'Agile Plan'!$D$4:$D$44,C$3) -> 0 | D5: =SUMIFS('Agile Plan'!$I$4:$I$44,'Agile Plan'!$A$4:$A$44,$A5,'Agile Plan'!$D$4:$D$44,D$3) -> 0 | E5: =SUMIFS('Agile Plan'!$I$4:$I$44,'Agile Plan'!$A$4:$A$44,$A5,'Agile Plan'!$D$4:$D$44,E$3) -> 0 | F5: =SUMIFS('Agile Plan'!$I$4:$I$44,'Agile Plan'!$A$4:$A$44,$A5,'Agile Plan'!$D$4:$D$44,F$3) -> 0 | G5: =SUM(C5:F5) -> 0 | H5: =SUMIFS('Agile Plan'!$J$4:$J$44,'Agile Plan'!$A$4:$A$44,$A5) -> 0 | I5: =IF(G5=0,0,H5/G5) -> 0 | J5: =IF(I5>=1,"Complete",IF(I5>0,"In Progress","Not Started")) -> Not Started
A6: 3 | B6: Finish doing the frame, add database and start making decisions on what it will look like | C6: =SUMIFS('Agile Plan'!$I$4:$I$44,'Agile Plan'!$A$4:$A$44,$A6,'Agile Plan'!$D$4:$D$44,C$3) -> 0 | D6: =SUMIFS('Agile Plan'!$I$4:$I$44,'Agile Plan'!$A$4:$A$44,$A6,'Agile Plan'!$D$4:$D$44,D$3) -> 0 | E6: =SUMIFS('Agile Plan'!$I$4:$I$44,'Agile Plan'!$A$4:$A$44,$A6,'Agile Plan'!$D$4:$D$44,E$3) -> 0 | F6: =SUMIFS('Agile Plan'!$I$4:$I$44,'Agile Plan'!$A$4:$A$44,$A6,'Agile Plan'!$D$4:$D$44,F$3) -> 0 | G6: =SUM(C6:F6) -> 0 | H6: =SUMIFS('Agile Plan'!$J$4:$J$44,'Agile Plan'!$A$4:$A$44,$A6) -> 0 | I6: =IF(G6=0,0,H6/G6) -> 0 | J6: =IF(I6>=1,"Complete",IF(I6>0,"In Progress","Not Started")) -> Not Started
A7: 4 | B7: Start applying the UI that we decided on and finish the back-end | C7: =SUMIFS('Agile Plan'!$I$4:$I$44,'Agile Plan'!$A$4:$A$44,$A7,'Agile Plan'!$D$4:$D$44,C$3) -> 0 | D7: =SUMIFS('Agile Plan'!$I$4:$I$44,'Agile Plan'!$A$4:$A$44,$A7,'Agile Plan'!$D$4:$D$44,D$3) -> 0 | E7: =SUMIFS('Agile Plan'!$I$4:$I$44,'Agile Plan'!$A$4:$A$44,$A7,'Agile Plan'!$D$4:$D$44,E$3) -> 0 | F7: =SUMIFS('Agile Plan'!$I$4:$I$44,'Agile Plan'!$A$4:$A$44,$A7,'Agile Plan'!$D$4:$D$44,F$3) -> 0 | G7: =SUM(C7:F7) -> 0 | H7: =SUMIFS('Agile Plan'!$J$4:$J$44,'Agile Plan'!$A$4:$A$44,$A7) -> 0 | I7: =IF(G7=0,0,H7/G7) -> 0 | J7: =IF(I7>=1,"Complete",IF(I7>0,"In Progress","Not Started")) -> Not Started
A8: 5 | B8: Finish applying the UI | C8: =SUMIFS('Agile Plan'!$I$4:$I$44,'Agile Plan'!$A$4:$A$44,$A8,'Agile Plan'!$D$4:$D$44,C$3) -> 0 | D8: =SUMIFS('Agile Plan'!$I$4:$I$44,'Agile Plan'!$A$4:$A$44,$A8,'Agile Plan'!$D$4:$D$44,D$3) -> 0 | E8: =SUMIFS('Agile Plan'!$I$4:$I$44,'Agile Plan'!$A$4:$A$44,$A8,'Agile Plan'!$D$4:$D$44,E$3) -> 0 | F8: =SUMIFS('Agile Plan'!$I$4:$I$44,'Agile Plan'!$A$4:$A$44,$A8,'Agile Plan'!$D$4:$D$44,F$3) -> 0 | G8: =SUM(C8:F8) -> 0 | H8: =SUMIFS('Agile Plan'!$J$4:$J$44,'Agile Plan'!$A$4:$A$44,$A8) -> 0 | I8: =IF(G8=0,0,H8/G8) -> 0 | J8: =IF(I8>=1,"Complete",IF(I8>0,"In Progress","Not Started")) -> Not Started
A9: 6 | B9: Start the testing phase | C9: =SUMIFS('Agile Plan'!$I$4:$I$44,'Agile Plan'!$A$4:$A$44,$A9,'Agile Plan'!$D$4:$D$44,C$3) -> 0 | D9: =SUMIFS('Agile Plan'!$I$4:$I$44,'Agile Plan'!$A$4:$A$44,$A9,'Agile Plan'!$D$4:$D$44,D$3) -> 0 | E9: =SUMIFS('Agile Plan'!$I$4:$I$44,'Agile Plan'!$A$4:$A$44,$A9,'Agile Plan'!$D$4:$D$44,E$3) -> 0 | F9: =SUMIFS('Agile Plan'!$I$4:$I$44,'Agile Plan'!$A$4:$A$44,$A9,'Agile Plan'!$D$4:$D$44,F$3) -> 0 | G9: =SUM(C9:F9) -> 0 | H9: =SUMIFS('Agile Plan'!$J$4:$J$44,'Agile Plan'!$A$4:$A$44,$A9) -> 0 | I9: =IF(G9=0,0,H9/G9) -> 0 | J9: =IF(I9>=1,"Complete",IF(I9>0,"In Progress","Not Started")) -> Not Started
A10: 7 | B10: Continue testing phase and fix problems along the way | C10: =SUMIFS('Agile Plan'!$I$4:$I$44,'Agile Plan'!$A$4:$A$44,$A10,'Agile Plan'!$D$4:$D$44,C$3) -> 0 | D10: =SUMIFS('Agile Plan'!$I$4:$I$44,'Agile Plan'!$A$4:$A$44,$A10,'Agile Plan'!$D$4:$D$44,D$3) -> 0 | E10: =SUMIFS('Agile Plan'!$I$4:$I$44,'Agile Plan'!$A$4:$A$44,$A10,'Agile Plan'!$D$4:$D$44,E$3) -> 0 | F10: =SUMIFS('Agile Plan'!$I$4:$I$44,'Agile Plan'!$A$4:$A$44,$A10,'Agile Plan'!$D$4:$D$44,F$3) -> 0 | G10: =SUM(C10:F10) -> 0 | H10: =SUMIFS('Agile Plan'!$J$4:$J$44,'Agile Plan'!$A$4:$A$44,$A10) -> 0 | I10: =IF(G10=0,0,H10/G10) -> 0 | J10: =IF(I10>=1,"Complete",IF(I10>0,"In Progress","Not Started")) -> Not Started
A11: 8 | B11: Finish testing and complete the deployment demo | C11: =SUMIFS('Agile Plan'!$I$4:$I$44,'Agile Plan'!$A$4:$A$44,$A11,'Agile Plan'!$D$4:$D$44,C$3) -> 0 | D11: =SUMIFS('Agile Plan'!$I$4:$I$44,'Agile Plan'!$A$4:$A$44,$A11,'Agile Plan'!$D$4:$D$44,D$3) -> 0 | E11: =SUMIFS('Agile Plan'!$I$4:$I$44,'Agile Plan'!$A$4:$A$44,$A11,'Agile Plan'!$D$4:$D$44,E$3) -> 0 | F11: =SUMIFS('Agile Plan'!$I$4:$I$44,'Agile Plan'!$A$4:$A$44,$A11,'Agile Plan'!$D$4:$D$44,F$3) -> 0 | G11: =SUM(C11:F11) -> 0 | H11: =SUMIFS('Agile Plan'!$J$4:$J$44,'Agile Plan'!$A$4:$A$44,$A11) -> 0 | I11: =IF(G11=0,0,H11/G11) -> 0 | J11: =IF(I11>=1,"Complete",IF(I11>0,"In Progress","Not Started")) -> Not Started
A12: 9 | B12: Start putting together the written report | C12: =SUMIFS('Agile Plan'!$I$4:$I$44,'Agile Plan'!$A$4:$A$44,$A12,'Agile Plan'!$D$4:$D$44,C$3) -> 0 | D12: =SUMIFS('Agile Plan'!$I$4:$I$44,'Agile Plan'!$A$4:$A$44,$A12,'Agile Plan'!$D$4:$D$44,D$3) -> 0 | E12: =SUMIFS('Agile Plan'!$I$4:$I$44,'Agile Plan'!$A$4:$A$44,$A12,'Agile Plan'!$D$4:$D$44,E$3) -> 0 | F12: =SUMIFS('Agile Plan'!$I$4:$I$44,'Agile Plan'!$A$4:$A$44,$A12,'Agile Plan'!$D$4:$D$44,F$3) -> 0 | G12: =SUM(C12:F12) -> 0 | H12: =SUMIFS('Agile Plan'!$J$4:$J$44,'Agile Plan'!$A$4:$A$44,$A12) -> 0 | I12: =IF(G12=0,0,H12/G12) -> 0 | J12: =IF(I12>=1,"Complete",IF(I12>0,"In Progress","Not Started")) -> Not Started
A13: 10 | B13: Turn in the written report (by 11/30) | C13: =SUMIFS('Agile Plan'!$I$4:$I$44,'Agile Plan'!$A$4:$A$44,$A13,'Agile Plan'!$D$4:$D$44,C$3) -> 0 | D13: =SUMIFS('Agile Plan'!$I$4:$I$44,'Agile Plan'!$A$4:$A$44,$A13,'Agile Plan'!$D$4:$D$44,D$3) -> 0 | E13: =SUMIFS('Agile Plan'!$I$4:$I$44,'Agile Plan'!$A$4:$A$44,$A13,'Agile Plan'!$D$4:$D$44,E$3) -> 0 | F13: =SUMIFS('Agile Plan'!$I$4:$I$44,'Agile Plan'!$A$4:$A$44,$A13,'Agile Plan'!$D$4:$D$44,F$3) -> 0 | G13: =SUM(C13:F13) -> 0 | H13: =SUMIFS('Agile Plan'!$J$4:$J$44,'Agile Plan'!$A$4:$A$44,$A13) -> 0 | I13: =IF(G13=0,0,H13/G13) -> 0 | J13: =IF(I13>=1,"Complete",IF(I13>0,"In Progress","Not Started")) -> Not Started

Sheet Risks & Issues
A1: Risks & Issues Log
A3: ID | B3: Date Logged | C3: Risk / Issue | D3: Impact | E3: Severity | F3: Owner | G3: Mitigation / Action | H3: Due Date | I3: Status | J3: Resolution / Notes
A4: R-01 | E4: Medium | I4: Open
A5: R-02 | E5: Medium | I5: Open
A6: R-03 | E6: Medium | I6: Open
A7: R-04 | E7: Medium | I7: Open
A8: R-05 | E8: Medium | I8: Open
A9: R-06 | E9: Medium | I9: Open
A10: R-07 | E10: Medium | I10: Open
A11: R-08 | E11: Medium | I11: Open
A12: R-09 | E12: Medium | I12: Open
A13: R-10 | E13: Medium | I13: Open
A14: R-11 | E14: Medium | I14: Open
A15: R-12 | E15: Medium | I15: Open
... A23: R-20 | E23: Medium | I23: Open

Sheet Retrospectives
A1: 10-Week Retrospectives
A3: Week | B3: What Went Well? | C3: What Didn't Go Well? | D3: What Should We Try? | E3: Action Owner | F3: Action Due | G3: Follow-up Status
A4: 1 | G4: Not Started
A5: 2 | G5: Not Started
A6: 3 | G6: Not Started
A7: 4 | G7: Not Started
A8: 5 | G8: Not Started
A9: 6 | G9: Not Started
A10: 7 | G10: Not Started
A11: 8 | G11: Not Started
A12: 9 | G12: Not Started
A13: 10 | G13: Not Started

Sheet Lists
A1: Lists & Dropdown Values
A3: Members | B3: Status | C3: Priority | D3: Type | E3: Risk Status | F3: Severity
A4: Annemarie | B4: Not Started | C4: High | D4: Task | E4: Open | F4: High
A5: Cobrin | B5: In Progress | C5: Medium | D5: Story | E5: Monitoring | F5: Medium
A6: Nick | B6: Blocked | C6: Low | D6: Bug | E6: Mitigated | F6: Low
A7: Brandon | B7: Done | D7: Milestone | E7: Closed
